itemId,label,projectId,accountId
07be187b-0b36-4984-891b-aa187db5f7f0,Large taupe/ brown/ black framed agar wall art,,1dd4fd75-8eea-4f7a-98e7-bf45b987ae94
203621e1-2caa-47ed-a4f4-cad6b2344278,Large rectangle basket tray with handles,,1dd4fd75-8eea-4f7a-98e7-bf45b987ae94
48bd9eb6-75e8-4180-b8c9-7536cf09c4a9,Black/ brown large framed agate wall art,,1dd4fd75-8eea-4f7a-98e7-bf45b987ae94
4d9c0e3a-f313-4138-a4d1-3c0129ad0cd5,Black round flat marble stone on stand,,1dd4fd75-8eea-4f7a-98e7-bf45b987ae94
539ac39b-7d2a-4688-9c14-887f7041bab9,Taupe marble coaster 4pk,,1dd4fd75-8eea-4f7a-98e7-bf45b987ae94
5d65fd1a-8afd-4cc2-b10c-1021071437d3,Broccoli-style greenery in black rectangle long pots,,1dd4fd75-8eea-4f7a-98e7-bf45b987ae94
618ebafd-d998-4328-84df-9bd73af87b64,Broccoli-style greenery in black rectangle long pots,,1dd4fd75-8eea-4f7a-98e7-bf45b987ae94
88023777-8557-44b0-997e-ad7c0ef42896,Round marble coaster 4pk w/ lip,,1dd4fd75-8eea-4f7a-98e7-bf45b987ae94
8ab0986f-4656-4623-9da3-e77fb9870f9c,Round marble coaster 4pk w/ lip,,1dd4fd75-8eea-4f7a-98e7-bf45b987ae94
931ca1cb-8d60-44db-8547-ac86318d9dd7,Broccoli-style greenery in black rectangle long pots,,1dd4fd75-8eea-4f7a-98e7-bf45b987ae94
98e59910-3a09-463e-9ff3-47c8b4d07686,Broccoli-style greenery in black rectangle long pots,,1dd4fd75-8eea-4f7a-98e7-bf45b987ae94
I-1768698497733-l9fw,Small gold round lift,,1dd4fd75-8eea-4f7a-98e7-bf45b987ae94
I-1768698607868-o0ao,Small gold round lift,,1dd4fd75-8eea-4f7a-98e7-bf45b987ae94
I-1768698614872-prtb,Small gold round lift,,1dd4fd75-8eea-4f7a-98e7-bf45b987ae94
I-1768698616864-fm1b,Small gold round lift,,1dd4fd75-8eea-4f7a-98e7-bf45b987ae94
I-1768699194616-cx30,Square marble lift,,1dd4fd75-8eea-4f7a-98e7-bf45b987ae94
I-1768699214269-6rg1,Square marble lift,,1dd4fd75-8eea-4f7a-98e7-bf45b987ae94
I-1769049054881-7rv2,White distressed cylinder tree pot,,1dd4fd75-8eea-4f7a-98e7-bf45b987ae94
b8ddf369-a267-4ed6-8549-f98d8b44258c,Tapestry stool w/ wooden cross legs,,1dd4fd75-8eea-4f7a-98e7-bf45b987ae94
bdd33622-2fca-4dd7-978a-69a03b3ec2ba,Blue-gray matte round textured pottery vase,,1dd4fd75-8eea-4f7a-98e7-bf45b987ae94
e26fd3a6-510c-4caf-90f7-395e01b089ca,Ochre/ brown Peruvian Alpaca wool throw,,1dd4fd75-8eea-4f7a-98e7-bf45b987ae94
e65771fe-6d72-43b1-b255-307ac5d21adf,“Broccoli” greenery in long black rectangle pot,,1dd4fd75-8eea-4f7a-98e7-bf45b987ae94
ecc33a2b-6c32-422a-b358-ca022c8fc986,Natural cut large wood bowl,,1dd4fd75-8eea-4f7a-98e7-bf45b987ae94
ed1eba4b-4d64-4c9d-980e-faf296ff3f36,Tan bubble-textured lumbar pillow,,1dd4fd75-8eea-4f7a-98e7-bf45b987ae94
f0b0cb16-bb82-4e2a-abcb-7a3d02afea54,f0b0cb16-bb82-4e2a-abcb-7a3d02afea54,,1dd4fd75-8eea-4f7a-98e7-bf45b987ae94
f9c0e07e-5385-447c-8cf9-dcd4a0f49105,Broccoli-style greenery in black rectangle long pots,,1dd4fd75-8eea-4f7a-98e7-bf45b987ae94
